disease	samples	tissue
IBD	0	blood/immune cells
IBD	0	cartilage
IBD	0	joint
IBD	0	knee
IBD	0	synovium
IBD	0	spleen
IBD	0	lymph node
IBD	0	retina
IBD	0	bone marrow
IBD	0	fibroblasts
IBD	348	not defined
IBD	0	soft tissue
IBD	0	salivary gland
IBD	0	muscle
IBD	4539	stool
IBD	0	kidney
IBD	0	skin
IBD	4186	cecal mucosa
IBD	261	cecal contents
IBD	2	envo:00002475
IBD	2	envo:00002313
IBD	2	envo:00002476
IBD	2	envo:00002473
IBD	2	envo:00002474
IBD	2	envo:00002479
IBD	2	envo:00002480
IBD	2	envo:00002477
IBD	2	envo:00002478
IBD	2	envo:00002481
IBD	2	envo:00002482
IBD	2	envo:00002067
IBD	2	envo:00002068
IBD	2	envo:00002069
IBD	2	envo:00002070
IBD	2	envo:00002063
IBD	2	envo:00002064
IBD	2	envo:00002066
IBD	2	envo:00002065
IBD	2	envo:00002071
IBD	2	envo:00002072
IBD	2	envo:00002122
IBD	2	envo:00002121
IBD	2	envo:00002114
IBD	2	envo:00002429
IBD	2	envo:00002113
IBD	2	envo:00002116
IBD	2	envo:00002115
IBD	2	envo:00002118
IBD	2	envo:00002117
IBD	2	envo:00002120
IBD	2	envo:00002119
IBD	28	envo:00002489
IBD	2	envo:00002241
IBD	2	envo:00002242
IBD	2	envo:00002237
IBD	2	envo:00002239
IBD	2	envo:00002238
IBD	2	envo:00002240
IBD	2	envo:00002233
IBD	2	envo:00002234
IBD	2	envo:00002235
IBD	2	envo:00002236
IBD	2	envo:00002057
IBD	2	envo:00002292
IBD	2	envo:00002291
IBD	2	envo:00002284
IBD	2	envo:00002286
IBD	2	envo:00002283
IBD	2	envo:00002285
IBD	2	envo:00002288
IBD	2	envo:00002287
IBD	2	envo:00002290
IBD	2	envo:00002289
IBD	2	envo:00002446
IBD	2	envo:00002311
IBD	2	envo:00002312
IBD	2	envo:00002303
IBD	2	envo:00002445
IBD	2	envo:00002304
IBD	2	envo:00002305
IBD	2	envo:00002306
IBD	2	envo:00002307
IBD	2	envo:00002308
IBD	2	envo:00002310
IBD	2	envo:00002309
IBD	2	envo:00002031
IBD	2	envo:00002032
IBD	2	envo:00002443
IBD	2	envo:00002023
IBD	2	envo:00002024
IBD	2	envo:00002025
IBD	2	envo:00002027
IBD	2	envo:00002026
IBD	2	envo:00002028
IBD	2	envo:00002029
IBD	2	envo:00002030
IBD	2	envo:00002448
IBD	2	envo:00002447
IBD	2	envo:00002444
IBD	2	envo:00002432
IBD	2	envo:00002431
IBD	2	envo:00002428
IBD	2	envo:00002427
IBD	2	envo:00002430
IBD	2	envo:00002041
IBD	2	envo:00002424
IBD	2	envo:00002423
IBD	2	envo:00002426
IBD	2	envo:00002425
IBD	2	envo:00002062
IBD	2	envo:00002061
IBD	2	envo:00002252
IBD	2	envo:00002058
IBD	2	envo:00002060
IBD	2	envo:00002059
IBD	2	envo:00002054
IBD	2	envo:00002053
IBD	2	envo:00002056
IBD	2	envo:00002251
IBD	2	envo:00002450
IBD	2	envo:00002371
IBD	2	envo:00002449
IBD	2	envo:00002372
IBD	2	envo:00002163
IBD	2	envo:00002164
IBD	2	envo:00002165
IBD	2	envo:00002166
IBD	2	envo:00002167
IBD	2	envo:00002168
IBD	2	envo:00002169
IBD	2	envo:00002170
IBD	2	envo:00002171
IBD	2	envo:00002172
IBD	2	envo:00002102
IBD	2	envo:00002101
IBD	2	envo:00002351
IBD	2	envo:00002352
IBD	2	envo:00002347
IBD	2	envo:00002348
IBD	2	envo:00002349
IBD	2	envo:00002350
IBD	2	envo:00002343
IBD	2	envo:00002344
IBD	2	envo:00002346
IBD	2	envo:00002345
IBD	2	envo:00002270
IBD	2	envo:00002269
IBD	2	envo:00002268
IBD	2	envo:00002267
IBD	2	envo:00002266
IBD	2	envo:00002265
IBD	2	envo:00002264
IBD	2	envo:00002263
IBD	2	envo:00002096
IBD	2	envo:00002272
IBD	2	envo:00002095
IBD	2	envo:00002271
IBD	2	envo:00002391
IBD	2	envo:00002392
IBD	2	envo:00002085
IBD	2	envo:00002464
IBD	2	envo:00002463
IBD	2	envo:00002466
IBD	2	envo:00002467
IBD	2	envo:00002468
IBD	2	envo:00002465
IBD	2	envo:00002470
IBD	2	envo:00002469
IBD	2	envo:00002472
IBD	2	envo:00002471
IBD	2	envo:00002014
IBD	2	envo:00002013
IBD	2	envo:00002015
IBD	2	envo:00002016
IBD	2	envo:00002017
IBD	2	envo:00002018
IBD	2	envo:00002022
IBD	2	envo:00002020
IBD	2	envo:00002019
IBD	2	envo:00002021
IBD	2	envo:00002127
IBD	2	envo:00002128
IBD	2	envo:00002130
IBD	2	envo:00002129
IBD	2	envo:00002123
IBD	2	envo:00002126
IBD	2	envo:00002124
IBD	2	envo:00002125
IBD	2	envo:00002132
IBD	2	envo:00002131
IBD	2	envo:00002086
IBD	2	envo:00002384
IBD	2	envo:00002385
IBD	2	envo:00002383
IBD	2	envo:00002231
IBD	2	envo:00002387
IBD	2	envo:00002388
IBD	2	envo:00002389
IBD	2	envo:00002390
IBD	2	envo:00002226
IBD	2	envo:00002225
IBD	2	envo:00002224
IBD	2	envo:00002223
IBD	2	envo:00002229
IBD	2	envo:00002230
IBD	2	envo:00002228
IBD	2	envo:00002320
IBD	2	envo:00002227
IBD	2	envo:00002319
IBD	2	envo:00002317
IBD	2	envo:00002318
IBD	2	envo:00002316
IBD	2	envo:00002315
IBD	2	envo:00002262
IBD	2	envo:00002261
IBD	2	envo:00002257
IBD	2	envo:00002259
IBD	2	envo:00002255
IBD	2	envo:00002258
IBD	2	envo:00002256
IBD	2	envo:00002253
IBD	2	envo:00002260
IBD	2	envo:00002458
IBD	2	envo:00002254
IBD	2	envo:00002421
IBD	2	envo:00002459
IBD	2	envo:00002457
IBD	2	envo:00002460
IBD	2	envo:00002415
IBD	2	envo:00002422
IBD	2	envo:00002414
IBD	2	envo:00002413
IBD	2	envo:00002416
IBD	2	envo:00002417
IBD	2	envo:00002419
IBD	2	envo:00002418
IBD	2	envo:00002420
IBD	2	envo:00002455
IBD	2	envo:00002051
IBD	2	envo:00002052
IBD	2	envo:00002049
IBD	2	envo:00002050
IBD	2	envo:00002047
IBD	2	envo:00002048
IBD	2	envo:00002045
IBD	2	envo:00002043
IBD	2	envo:00002046
IBD	2	envo:00002044
IBD	2	envo:00002453
IBD	2	envo:00002314
IBD	2	envo:00002182
IBD	2	envo:00002180
IBD	2	envo:00002181
IBD	2	envo:00002178
IBD	2	envo:00002179
IBD	2	envo:00002177
IBD	2	envo:00002176
IBD	2	envo:00002175
IBD	2	envo:00002174
IBD	2	envo:00002173
IBD	2	envo:00002454
IBD	2	envo:00002322
IBD	2	envo:00002321
IBD	2	envo:00002361
IBD	2	envo:00002355
IBD	2	envo:00002356
IBD	2	envo:00002362
IBD	2	envo:00002354
IBD	2	envo:00002353
IBD	2	envo:00002360
IBD	2	envo:00002359
IBD	2	envo:00002358
IBD	2	envo:00002357
IBD	2	envo:00002215
IBD	2	envo:00002213
IBD	2	envo:00002214
IBD	2	envo:00002216
IBD	2	envo:00002219
IBD	2	envo:00002220
IBD	2	envo:00002218
IBD	2	envo:00002217
IBD	2	envo:00002094
IBD	2	envo:00002093
IBD	2	envo:00002222
IBD	2	envo:00002221
IBD	2	envo:00002098
IBD	2	envo:00002097
IBD	2	envo:00002099
IBD	2	envo:00002185
IBD	2	envo:00002100
IBD	2	envo:00002186
IBD	2	envo:00002183
IBD	2	envo:00002184
IBD	2	envo:00002189
IBD	2	envo:00002187
IBD	2	envo:00002191
IBD	2	envo:00002190
IBD	2	envo:00002188
IBD	2	envo:00002192
IBD	2	envo:00002461
IBD	2	envo:00002332
IBD	2	envo:00002331
IBD	2	envo:00002329
IBD	2	envo:00002462
IBD	2	envo:00002330
IBD	2	envo:00002326
IBD	2	envo:00002325
IBD	2	envo:00002328
IBD	2	envo:00002327
IBD	2	envo:00002323
IBD	2	envo:00002324
IBD	2	envo:00002386
IBD	2	envo:00002134
IBD	2	envo:00002136
IBD	2	envo:00002135
IBD	2	envo:00002133
IBD	2	envo:00002140
IBD	2	envo:00002139
IBD	2	envo:00002142
IBD	2	envo:00002137
IBD	2	envo:00002138
IBD	2	envo:00002141
IBD	2	envo:00002149
IBD	2	envo:00002232
IBD	2	envo:00002150
IBD	2	envo:00002147
IBD	2	envo:00002145
IBD	2	envo:00002148
IBD	2	envo:00002143
IBD	2	envo:00002146
IBD	2	envo:00002144
IBD	2	envo:00002152
IBD	2	envo:00002151
IBD	2	envo:00002365
IBD	2	envo:00002366
IBD	2	envo:00002363
IBD	2	envo:00002364
IBD	2	envo:00002369
IBD	2	envo:00002370
IBD	2	envo:00002367
IBD	2	envo:00002368
IBD	2	envo:00002248
IBD	2	envo:00002247
IBD	2	envo:00002250
IBD	2	envo:00002249
IBD	2	envo:00002244
IBD	2	envo:00002243
IBD	2	envo:00002246
IBD	2	envo:00002245
IBD	2	envo:00002488
IBD	2	envo:00002402
IBD	2	envo:00002400
IBD	2	envo:00002398
IBD	2	envo:00002399
IBD	2	envo:00002401
IBD	2	envo:00002397
IBD	2	envo:00002396
IBD	2	envo:00002395
IBD	2	envo:00002394
IBD	2	envo:00002393
IBD	2	envo:00002012
IBD	2	envo:00002011
IBD	3188	envo:00002003
IBD	2	envo:00002004
IBD	2	envo:00002005
IBD	2	envo:00002006
IBD	2	envo:00002010
IBD	2	envo:00002007
IBD	2	envo:00002008
IBD	2	envo:00002009
IBD	2	envo:00002410
IBD	2	envo:00002407
IBD	2	envo:00002409
IBD	2	envo:00002408
IBD	2	envo:00002405
IBD	2	envo:00002406
IBD	2	envo:00002404
IBD	2	envo:00002411
IBD	2	envo:00002403
IBD	2	envo:00002082
IBD	2	envo:00002412
IBD	2	envo:00002081
IBD	2	envo:00002076
IBD	2	envo:00002073
IBD	2	envo:00002075
IBD	2	envo:00002074
IBD	2	envo:00002080
IBD	2	envo:00002078
IBD	2	envo:00002079
IBD	2	envo:00002077
IBD	2	envo:00002105
IBD	2	envo:00002112
IBD	2	envo:00002103
IBD	2	envo:00002111
IBD	2	envo:00002104
IBD	2	envo:00002106
IBD	2	envo:00002107
IBD	2	envo:00002109
IBD	2	envo:00002108
IBD	2	envo:00002110
IBD	2	envo:00002055
IBD	2	envo:00002204
IBD	2	envo:00002206
IBD	2	envo:00002203
IBD	2	envo:00002207
IBD	2	envo:00002208
IBD	2	envo:00002205
IBD	2	envo:00002210
IBD	2	envo:00002209
IBD	2	envo:00002211
IBD	2	envo:00002083
IBD	2	envo:00002212
IBD	2	envo:00002084
IBD	2	envo:00002089
IBD	2	envo:00002088
IBD	2	envo:00002090
IBD	2	envo:00002194
IBD	2	envo:00002087
IBD	2	envo:00002196
IBD	2	envo:00002193
IBD	2	envo:00002197
IBD	2	envo:00002195
IBD	2	envo:00002200
IBD	2	envo:00002198
IBD	2	envo:00002199
IBD	2	envo:00002202
IBD	2	envo:00002301
IBD	2	envo:00002201
IBD	2	envo:00002302
IBD	2	envo:00002295
IBD	2	envo:00002296
IBD	2	envo:00002293
IBD	2	envo:00002294
IBD	2	envo:00002300
IBD	2	envo:00002299
IBD	2	envo:00002297
IBD	2	envo:00002452
IBD	2	envo:00002298
IBD	2	envo:00002341
IBD	2	envo:00002451
IBD	2	envo:00002342
IBD	2	envo:00002338
IBD	2	envo:00002340
IBD	2	envo:00002337
IBD	2	envo:00002339
IBD	2	envo:00002334
IBD	2	envo:00002333
IBD	2	envo:00002336
IBD	2	envo:00002335
IBD	2	envo:00002374
IBD	2	envo:00002042
IBD	2	envo:00002282
IBD	2	envo:00002039
IBD	2	envo:00002040
IBD	2	envo:00002038
IBD	2	envo:00002037
IBD	2	envo:00002036
IBD	2	envo:00002033
IBD	2	envo:00002035
IBD	2	envo:00002034
IBD	2	envo:00002273
IBD	2	envo:00002381
IBD	2	envo:00002441
IBD	2	envo:00002439
IBD	2	envo:00002440
IBD	2	envo:00002442
IBD	2	envo:00002438
IBD	2	envo:00002437
IBD	2	envo:00002435
IBD	2	envo:00002433
IBD	2	envo:00002436
IBD	2	envo:00002434
IBD	2	envo:00002092
IBD	2	envo:00002091
IBD	2	envo:00002157
IBD	2	envo:00002158
IBD	2	envo:00002160
IBD	2	envo:00002159
IBD	2	envo:00002153
IBD	2	envo:00002154
IBD	2	envo:00002156
IBD	2	envo:00002155
IBD	2	envo:00002162
IBD	2	envo:00002161
IBD	2	envo:00002456
IBD	2	envo:00002487
IBD	2	envo:00002486
IBD	2	envo:00002485
IBD	2	envo:00002484
IBD	2	envo:00002483
IBD	2	envo:00002281
IBD	2	envo:00002373
IBD	2	envo:00002376
IBD	2	envo:00002375
IBD	2	envo:00002380
IBD	2	envo:00002378
IBD	2	envo:00002379
IBD	2	envo:00002377
IBD	2	envo:00002382
IBD	2	envo:00002275
IBD	2	envo:00002276
IBD	2	envo:00002279
IBD	2	envo:00002278
IBD	2	envo:00002274
IBD	2	envo:00002277
IBD	2	envo:00002280
IBD	2	envo:00002933
IBD	2	envo:00002893
IBD	2	envo:00002894
IBD	2	envo:00002895
IBD	2	envo:00002896
IBD	2	envo:00002897
IBD	2	envo:00002898
IBD	2	envo:00002900
IBD	2	envo:00002899
IBD	2	envo:00002901
IBD	2	envo:00002902
IBD	2	envo:00002971
IBD	2	envo:00003002
IBD	2	envo:00003001
IBD	2	envo:00002972
IBD	2	envo:00003000
IBD	2	envo:00002999
IBD	2	envo:00002997
IBD	2	envo:00002998
IBD	2	envo:00002996
IBD	2	envo:00002995
IBD	2	envo:00002994
IBD	2	envo:00002632
IBD	2	envo:00002631
IBD	2	envo:00002993
IBD	2	envo:00002629
IBD	2	envo:00002630
IBD	2	envo:00002628
IBD	2	envo:00002627
IBD	2	envo:00002626
IBD	2	envo:00002625
IBD	2	envo:00002623
IBD	2	envo:00002624
IBD	2	envo:00002771
IBD	2	envo:00002768
IBD	2	envo:00002772
IBD	2	envo:00002767
IBD	2	envo:00002769
IBD	2	envo:00002770
IBD	2	envo:00002763
IBD	2	envo:00002765
IBD	2	envo:00002764
IBD	2	envo:00002810
IBD	2	envo:00002766
IBD	2	envo:00002809
IBD	2	envo:00002807
IBD	2	envo:00002806
IBD	2	envo:00002808
IBD	2	envo:00002805
IBD	2	envo:00002804
IBD	2	envo:00002803
IBD	2	envo:00002830
IBD	2	envo:00002811
IBD	2	envo:00002812
IBD	2	envo:00002541
IBD	2	envo:00002542
IBD	2	envo:00002829
IBD	2	envo:00002539
IBD	2	envo:00002540
IBD	2	envo:00002537
IBD	2	envo:00002538
IBD	2	envo:00002535
IBD	2	envo:00002533
IBD	2	envo:00002536
IBD	2	envo:00002534
IBD	2	envo:00002937
IBD	2	envo:00002938
IBD	2	envo:00002940
IBD	2	envo:00002619
IBD	2	envo:00002620
IBD	2	envo:00002617
IBD	2	envo:00002615
IBD	2	envo:00002618
IBD	2	envo:00002616
IBD	2	envo:00002613
IBD	2	envo:00002614
IBD	2	envo:00002934
IBD	2	envo:00002621
IBD	2	envo:00002622
IBD	2	envo:00002936
IBD	2	envo:00002935
IBD	2	envo:00002666
IBD	2	envo:00002665
IBD	2	envo:00002663
IBD	2	envo:00002664
IBD	2	envo:00002670
IBD	2	envo:00002669
IBD	2	envo:00002668
IBD	2	envo:00002667
IBD	2	envo:00002672
IBD	2	envo:00002671
IBD	2	envo:00002965
IBD	2	envo:00002852
IBD	2	envo:00002851
IBD	2	envo:00002942
IBD	2	envo:00002941
IBD	2	envo:00002966
IBD	2	envo:00002846
IBD	2	envo:00002845
IBD	2	envo:00002844
IBD	2	envo:00002849
IBD	2	envo:00002850
IBD	2	envo:00002843
IBD	2	envo:00002848
IBD	2	envo:00002847
IBD	2	envo:00002964
IBD	2	envo:00002692
IBD	2	envo:00002691
IBD	2	envo:00002688
IBD	2	envo:00002687
IBD	2	envo:00002690
IBD	2	envo:00002683
IBD	2	envo:00002684
IBD	2	envo:00002689
IBD	2	envo:00002686
IBD	2	envo:00002685
IBD	2	envo:00002575
IBD	2	envo:00002576
IBD	2	envo:00002573
IBD	2	envo:00002574
IBD	2	envo:00002579
IBD	2	envo:00002967
IBD	2	envo:00002577
IBD	2	envo:00002578
IBD	2	envo:00002581
IBD	2	envo:00002968
IBD	2	envo:00002832
IBD	2	envo:00002740
IBD	2	envo:00002739
IBD	2	envo:00002738
IBD	2	envo:00002736
IBD	2	envo:00002737
IBD	2	envo:00002735
IBD	2	envo:00002841
IBD	2	envo:00002840
IBD	2	envo:00002842
IBD	2	envo:00002839
IBD	2	envo:00002837
IBD	2	envo:00002833
IBD	2	envo:00002838
IBD	2	envo:00002835
IBD	2	envo:00002836
IBD	2	envo:00002834
IBD	2	envo:00002974
IBD	2	envo:00002973
IBD	2	envo:00002925
IBD	2	envo:00002582
IBD	2	envo:00002976
IBD	2	envo:00002975
IBD	2	envo:00002979
IBD	2	envo:00002977
IBD	2	envo:00002926
IBD	2	envo:00002978
IBD	2	envo:00002982
IBD	2	envo:00002981
IBD	2	envo:00002656
IBD	2	envo:00002662
IBD	2	envo:00002661
IBD	2	envo:00002655
IBD	2	envo:00002653
IBD	2	envo:00002654
IBD	2	envo:00002659
IBD	2	envo:00002660
IBD	2	envo:00002657
IBD	2	envo:00002658
IBD	2	envo:00002782
IBD	2	envo:00002776
IBD	2	envo:00002781
IBD	2	envo:00002775
IBD	2	envo:00002774
IBD	2	envo:00002777
IBD	2	envo:00002773
IBD	2	envo:00002779
IBD	2	envo:00002780
IBD	2	envo:00002778
IBD	2	envo:00002873
IBD	2	envo:00002874
IBD	2	envo:00002875
IBD	2	envo:00002876
IBD	2	envo:00002879
IBD	2	envo:00002880
IBD	2	envo:00002878
IBD	2	envo:00002877
IBD	2	envo:00002881
IBD	2	envo:00002882
IBD	2	envo:00002580
IBD	2	envo:00002892
IBD	2	envo:00002890
IBD	2	envo:00002889
IBD	2	envo:00002891
IBD	2	envo:00002888
IBD	2	envo:00002884
IBD	2	envo:00002887
IBD	2	envo:00002886
IBD	2	envo:00002885
IBD	2	envo:00002883
IBD	2	envo:00002733
IBD	2	envo:00002734
IBD	2	envo:00002712
IBD	2	envo:00002711
IBD	2	envo:00002709
IBD	2	envo:00002710
IBD	2	envo:00002707
IBD	2	envo:00002705
IBD	2	envo:00002706
IBD	2	envo:00002708
IBD	2	envo:00002703
IBD	2	envo:00002742
IBD	2	envo:00002741
IBD	2	envo:00002511
IBD	2	envo:00002704
IBD	2	envo:00002512
IBD	2	envo:00002509
IBD	2	envo:00002510
IBD	2	envo:00002508
IBD	2	envo:00002507
IBD	2	envo:00002506
IBD	2	envo:00002505
IBD	2	envo:00002504
IBD	2	envo:00002608
IBD	546	envo:00002503
IBD	2	envo:00002607
IBD	2	envo:00002609
IBD	2	envo:00002610
IBD	2	envo:00002604
IBD	2	envo:00002603
IBD	2	envo:00002606
IBD	2	envo:00002605
IBD	2	envo:00002831
IBD	2	envo:00002611
IBD	2	envo:00002861
IBD	2	envo:00002612
IBD	2	envo:00002927
IBD	2	envo:00002912
IBD	2	envo:00002911
IBD	2	envo:00002932
IBD	2	envo:00002931
IBD	2	envo:00002862
IBD	2	envo:00002930
IBD	2	envo:00002929
IBD	2	envo:00002928
IBD	2	envo:00002903
IBD	2	envo:00002853
IBD	2	envo:00002908
IBD	2	envo:00002905
IBD	2	envo:00002906
IBD	2	envo:00002909
IBD	2	envo:00002907
IBD	2	envo:00002923
IBD	2	envo:00002854
IBD	2	envo:00002552
IBD	2	envo:00002548
IBD	2	envo:00002550
IBD	2	envo:00002551
IBD	2	envo:00002549
IBD	2	envo:00002924
IBD	2	envo:00002546
IBD	2	envo:00002545
IBD	2	envo:00002745
IBD	2	envo:00002746
IBD	2	envo:00002544
IBD	2	envo:00002543
IBD	2	envo:00002743
IBD	2	envo:00002744
IBD	2	envo:00002749
IBD	2	envo:00002750
IBD	2	envo:00002747
IBD	2	envo:00002748
IBD	2	envo:00002751
IBD	2	envo:00002752
IBD	2	envo:00002828
IBD	2	envo:00002824
IBD	2	envo:00002827
IBD	2	envo:00002826
IBD	2	envo:00002823
IBD	2	envo:00002825
IBD	2	envo:00002562
IBD	2	envo:00002586
IBD	2	envo:00002584
IBD	2	envo:00002589
IBD	2	envo:00002585
IBD	2	envo:00002588
IBD	2	envo:00002590
IBD	2	envo:00002583
IBD	2	envo:00002587
IBD	2	envo:00002592
IBD	2	envo:00002651
IBD	2	envo:00002591
IBD	2	envo:00002646
IBD	2	envo:00002652
IBD	2	envo:00002643
IBD	2	envo:00002644
IBD	2	envo:00002645
IBD	2	envo:00002648
IBD	2	envo:00002647
IBD	2	envo:00002789
IBD	2	envo:00002649
IBD	2	envo:00002790
IBD	2	envo:00002650
IBD	2	envo:00002785
IBD	2	envo:00002787
IBD	2	envo:00002788
IBD	2	envo:00002786
IBD	2	envo:00002783
IBD	2	envo:00002784
IBD	2	envo:00002792
IBD	2	envo:00002791
IBD	2	envo:00002863
IBD	2	envo:00002864
IBD	2	envo:00002866
IBD	2	envo:00002868
IBD	2	envo:00002865
IBD	2	envo:00002869
IBD	2	envo:00002867
IBD	2	envo:00002870
IBD	2	envo:00002872
IBD	2	envo:00002518
IBD	2	envo:00002871
IBD	2	envo:00002517
IBD	2	envo:00002519
IBD	2	envo:00002513
IBD	2	envo:00002514
IBD	2	envo:00002520
IBD	2	envo:00002515
IBD	2	envo:00002521
IBD	2	envo:00002516
IBD	2	envo:00002951
IBD	2	envo:00002522
IBD	2	envo:00002952
IBD	2	envo:00002947
IBD	2	envo:00002948
IBD	2	envo:00002950
IBD	2	envo:00002949
IBD	2	envo:00002943
IBD	2	envo:00002944
IBD	2	envo:00002722
IBD	2	envo:00002945
IBD	2	envo:00002946
IBD	2	envo:00002721
IBD	2	envo:00002718
IBD	2	envo:00002717
IBD	2	envo:00002720
IBD	2	envo:00002719
IBD	2	envo:00002713
IBD	2	envo:00002714
IBD	2	envo:00002716
IBD	2	envo:00002715
IBD	2	envo:00002633
IBD	2	envo:00002634
IBD	2	envo:00002635
IBD	2	envo:00002636
IBD	2	envo:00002637
IBD	2	envo:00002638
IBD	2	envo:00002639
IBD	2	envo:00002640
IBD	2	envo:00002642
IBD	2	envo:00002641
IBD	2	envo:00002821
IBD	2	envo:00002822
IBD	2	envo:00002920
IBD	2	envo:00002916
IBD	2	envo:00002915
IBD	2	envo:00002918
IBD	2	envo:00002919
IBD	2	envo:00002914
IBD	2	envo:00002913
IBD	2	envo:00002917
IBD	2	envo:00002922
IBD	2	envo:00002921
IBD	2	envo:00002813
IBD	2	envo:00002561
IBD	2	envo:00002553
IBD	2	envo:00002556
IBD	2	envo:00002555
IBD	2	envo:00002814
IBD	2	envo:00002554
IBD	2	envo:00002558
IBD	2	envo:00002557
IBD	2	envo:00002559
IBD	2	envo:00002985
IBD	2	envo:00002983
IBD	2	envo:00002986
IBD	2	envo:00002988
IBD	2	envo:00002560
IBD	2	envo:00002989
IBD	2	envo:00002984
IBD	2	envo:00002987
IBD	2	envo:00002753
IBD	2	envo:00002990
IBD	2	envo:00002991
IBD	2	envo:00002992
IBD	2	envo:00002756
IBD	2	envo:00002755
IBD	2	envo:00002754
IBD	2	envo:00002758
IBD	2	envo:00002759
IBD	2	envo:00002757
IBD	2	envo:00002760
IBD	2	envo:00002761
IBD	2	envo:00002815
IBD	2	envo:00002816
IBD	2	envo:00002762
IBD	2	envo:00002817
IBD	2	envo:00002818
IBD	2	envo:00002819
IBD	2	envo:00002532
IBD	2	envo:00002528
IBD	2	envo:00002531
IBD	2	envo:00002530
IBD	2	envo:00002527
IBD	2	envo:00002820
IBD	2	envo:00002524
IBD	2	envo:00002529
IBD	2	envo:00002904
IBD	2	envo:00002526
IBD	2	envo:00002601
IBD	2	envo:00002523
IBD	2	envo:00002525
IBD	2	envo:00002910
IBD	2	envo:00002602
IBD	2	envo:00002597
IBD	2	envo:00002599
IBD	2	envo:00002598
IBD	2	envo:00002594
IBD	2	envo:00002593
IBD	2	envo:00002600
IBD	2	envo:00002595
IBD	2	envo:00002596
IBD	2	envo:00002547
IBD	2	envo:00002980
IBD	1	envo:00002677
IBD	1	envo:00002678
IBD	1	envo:00002673
IBD	1	envo:00002679
IBD	1	envo:00002680
IBD	1	envo:00002675
IBD	1	envo:00002676
IBD	1	envo:00002674
IBD	1	envo:00002682
IBD	1	envo:00002681
IBD	1	envo:00002797
IBD	1	envo:00002798
IBD	1	envo:00002799
IBD	1	envo:00002795
IBD	1	envo:00002793
IBD	1	envo:00002794
IBD	1	envo:00002796
IBD	1	envo:00002800
IBD	1	envo:00002857
IBD	1	envo:00002860
IBD	1	envo:00002802
IBD	1	envo:00002859
IBD	1	envo:00002801
IBD	1	envo:00002858
IBD	1	envo:00002855
IBD	1	envo:00002856
IBD	1	envo:00002701
IBD	1	envo:00002702
IBD	1	envo:00002699
IBD	1	envo:00002700
IBD	1	envo:00002697
IBD	1	envo:00002693
IBD	1	envo:00002696
IBD	25	envo:00002698
IBD	76	fecal environment
Psoriasis	0	blood/immune cells
Psoriasis	0	cartilage
Psoriasis	0	joint
Psoriasis	0	knee
Psoriasis	0	synovium
Psoriasis	0	spleen
Psoriasis	0	lymph node
Psoriasis	0	retina
Psoriasis	0	bone marrow
Psoriasis	0	fibroblasts
Psoriasis	0	not defined
Psoriasis	0	soft tissue
Psoriasis	0	salivary gland
Psoriasis	0	muscle
Psoriasis	0	stool
Psoriasis	0	kidney
Psoriasis	0	skin
Psoriasis	28867	fecal environment
T1D	893	blood/immune cells
T1D	0	cartilage
T1D	0	joint
T1D	0	knee
T1D	0	synovium
T1D	370	spleen
T1D	0	lymph node
T1D	0	retina
T1D	0	bone marrow
T1D	0	fibroblasts
T1D	5904	not defined
T1D	0	soft tissue
T1D	0	salivary gland
T1D	0	muscle
T1D	16	stool
T1D	0	kidney
T1D	0	skin
T1D	2	urine exosmes
T1D	36	pancreas
T1D	8	human pancreatic islets
T1D	12	leukocyte
T1D	10	kidney/urinary tissue
T1D	45	thymus
T1D	27	pancreatic islets
T1D	10	human islet
MS	469	blood/immune cells
MS	0	cartilage
MS	0	joint
MS	0	knee
MS	0	synovium
MS	1	spleen
MS	16	lymph node
MS	0	retina
MS	0	bone marrow
MS	0	fibroblasts
MS	3755	not defined
MS	0	soft tissue
MS	0	salivary gland
MS	0	muscle
MS	35	stool
MS	0	kidney
MS	0	skin
MS	170	cerebrospinal fluid
MS	12	brain lesion
MS	3	pia mater
MS	4	choroid plexus
MS	1	cortex
MS	122	brain
MS	7	b-lymphocyte
MS	10	optic chiasm
MS	44	cervical spinal cord
MS	2208	spinal cord
MS	16	corpus callosum
MS	10	frontal cortex
MS	10	parietal cortex
MS	10	hippocampus
MS	10	internal capsule
MS	68	csf
MS	9	oligodendrocyte progenitor cells
MS	21	brain, cerebral cortex
MS	4	brain prefrontal cortex
MS	2	spine cord
MS	144	colon
MS	9	csf-derived leukocytes
RA	5055	blood/immune cells
RA	0	cartilage
RA	5	joint
RA	36	knee
RA	140	synovium
RA	0	spleen
RA	5	lymph node
RA	0	retina
RA	0	bone marrow
RA	0	fibroblasts
RA	3621	not defined
RA	0	soft tissue
RA	0	salivary gland
RA	29	muscle
RA	67	stool
RA	0	kidney
RA	0	skin
RA	32	hip
Thyreoditis	0	blood/immune cells
Thyreoditis	0	cartilage
Thyreoditis	0	joint
Thyreoditis	0	knee
Thyreoditis	0	synovium
Thyreoditis	0	spleen
Thyreoditis	0	lymph node
Thyreoditis	0	retina
Thyreoditis	0	bone marrow
Thyreoditis	0	fibroblasts
Thyreoditis	0	not defined
Thyreoditis	0	soft tissue
Thyreoditis	0	salivary gland
Thyreoditis	0	muscle
Thyreoditis	0	stool
Thyreoditis	0	kidney
Thyreoditis	0	skin
Thyreoditis	15	thyroid tissue
MyGr	44	blood/immune cells
MyGr	0	cartilage
MyGr	0	joint
MyGr	0	knee
MyGr	0	synovium
MyGr	0	spleen
MyGr	0	lymph node
MyGr	0	retina
MyGr	0	bone marrow
MyGr	0	fibroblasts
MyGr	30	not defined
MyGr	0	soft tissue
MyGr	0	salivary gland
MyGr	0	muscle
MyGr	20	stool
MyGr	0	kidney
MyGr	0	skin
MyGr	12	b-lymphocyte
SLE	862	blood/immune cells
SLE	0	cartilage
SLE	0	joint
SLE	0	knee
SLE	0	synovium
SLE	6	spleen
SLE	0	lymph node
SLE	0	retina
SLE	0	bone marrow
SLE	0	fibroblasts
SLE	1345	not defined
SLE	0	soft tissue
SLE	0	salivary gland
SLE	0	muscle
SLE	0	stool
SLE	6	kidney
SLE	0	skin
SLE	47	fece
